Warehouse,Product Code,Location,Quantity
1. Cores,Core-11312,A50,2615
1. Cores,Core-10873,A51,451
1. Cores,Core-11405,A51,317
1. Cores,Core-11347,A33,436
1. Cores,Core-10035,A34,588
1. Cores,Core-11943,A35,2491
1. Cores,Core-11167,A39,12
1. Cores,Core-11168,A39,12
1. Cores,Core-11893,A39,67
1. Cores,Core-11313,A43,447
1. Cores,Core-11958,A43,1156
1. Cores,Core-11335,A45,65
1. Cores,Core-11336,A45,155
1. Cores,Core-11337,A45,118
1. Cores,Core-11339,A45,163
1. Cores,Core-11340,A45,136
1. Cores,Core-11343,A45,165
1. Cores,Core-11410,A51,317
1. Cores,Core-11546,A53,218
1. Cores,Core-11204,A57,2984
1. Cores,Core-11075,A59,135580
1. Cores,Core-11760,B00,267
1. Cores,Core-11761,B00,697
1. Cores,Core-11762,B00,29
1. Cores,Core-11763,B00,691
1. Cores,Core-11773,B00,3
1. Cores,Core-11776,B00,503
1. Cores,Core-11777,B00,557
1. Cores,Core-11778,B00,262
1. Cores,Core-11780,B00,52
1. Cores,Core-11781,B00,41
1. Cores,Core-11782,B00,6
1. Cores,Core-11956,B00,1249
1. Cores,Core-12062,B00-R-2A,660
1. Cores,Core-10243,B01,19
1. Cores,Core-10008,B04,126
3. JFN,JLS-0350,10A,11
3. JFN,JLS-0516,10A,3
3. JFN,JLS-0518,10A,18
3. JFN,JLS-1048,11B,1
3. JFN,JLS-0413,11C,20
3. JFN,JLS-1367,12B,3
3. JFN,JLS-1242,12C,1
3. JFN,JLS-1324,20A,34
3. JFN,JLS-1009,20B,3
3. JFN,JLS-1103,20B,1
3. JFN,JLS-80947.1,20B,1
3. JFN,JLS-0353,20C,1
3. JFN,JLS-0932,20C,4
3. JFN,JLS-1193,20C,1
3. JFN,JLS-90762,20C,2
3. JFN,JLS-0278,30A,8
3. JFN,JLS-1024,30A,1
3. JFN,JLS-1115,30A,1
3. JFN,JLS-0168,30B,12
3. JFN,JLS-0240,30B,2
3. JFN,JLS-0241,30B,99
3. JFN,JLS-0351,30C,20
3. JFN,JLS-0225,40A,1
3. JFN,JLS-1088,40A,1
3. JFN,JLS-90868,40A,1
3. JFN,JLS-0245,40B,10
3. JFN,JLS-0266,40B,6
3. JFN,JLS-90869,40B,1
3. JFN,JLS-1090,40C,1
3. JFN,JLS-90870,40C,1
3. JFN,JLS-0937,50B,11
3. JFN,JLS-0748,60A,2
3. JFN,JLS-0774,60A,6
3. JFN,JLS-1392,60A,1
3. JFN,JLS-90833,60A,1
3. JFN,JLS-0269,60B,12
3. JFN,JLS-0776,60B,3
3. JFN,JLS-1102,60B,1
3. JFN,JLS-0761,60C,2
3. JFN,JLS-0130,70A,1
3. JFN,JLS-0887,70A,6
3. JFN,JLS-0265,70B,4
3. JFN,JLS-0275,70B,25
3. JFN,JLS-0330,70B,99
3. JFN,JLS-1015,70B,6
3. JFN,JLS-1025,70B,4
3. JFN,JLS-0157,70C,3
3. JFN,JLS-1495,70C,1
3. JFN,JLS-90795,70C,1
3. JFN,JLS-1123,80B,2
3. JFN,JLS-90776,80B,2
3. JFN,JLS-0153,90C,73
3. JFN,JLS-0421,A00,203
2. Pre-Processed,JLS-91062,A00-R-1A,36
2. Pre-Processed,JLS-91179,A00-R-1A,191
2. Pre-Processed,JLS-1149,A00-R-1C,26
2. Pre-Processed,JLS-0988,A00-R-2A,89
2. Pre-Processed,JLS-1011,A00-R-2A,43
2. Pre-Processed,JLS-91171,A00-R-2A,192
2. Pre-Processed,JLS-91093,A00-R-2B,96
2. Pre-Processed,JLS-91103,A00-R-2B,96
2. Pre-Processed,JLS-0899,A00-R-2C,3
2. Pre-Processed,JLS-91110,A00-R-2D,96
2. Pre-Processed,JLS-91172,A00-R-3A,192
2. Pre-Processed,JLS-0326,A00-R-3C,224
2. Pre-Processed,JLS-0837,A00-R-3C,"1,104"
2. Pre-Processed,JLS-1459,A00-R-3D,30
2. Pre-Processed,JLS-1563,A00-R-3D,3
2. Pre-Processed,JLS-90792,A00-R-4A,30
2. Pre-Processed,JLS-1347,A00-R-4B,9
2. Pre-Processed,JLS-90811,A00-R-4D,100
2. Pre-Processed,JLS-91068,A00-R1B,44
2. Pre-Processed,JLS-91191,A00-R2A,96
2. Pre-Processed,JLS-90825,A00-R2B,96
2. Pre-Processed,JLS-0265,A00-R2C,204
1. Cores,Core-10933,A17,14
1. Cores,Core-11949,A20,100
1. Cores,Core-11955,A20,1243
1. Cores,Core-11057,A23,23
1. Cores,Core-11963,A24,1728
1. Cores,Core-11970,A24,1365
1. Cores,Core-10052,A31,433
1. Cores,Core-11954,A31,911
1. Cores,Core-11341,A33,167
1. Cores,Core-11342,A33,164
1. Cores,Core-11345,A33,341
1. Cores,Core-11346,A33,401
1. Cores,Core-11894,A46,188
1. Cores,Core-11895,A47,436
1. Cores,Core-11945,A48,2490
1. Cores,Core-11243,A49,4191
1. Cores,Core-10010,B04,9
1. Cores,Core-10011,B04,4
1. Cores,Core-10187,B04,2
1. Cores,Core-10479,B04,77
1. Cores,Core-11269,B08,2
1. Cores,Core-11765,B08,61
1. Cores,Core-11910,B09,984
1. Cores,Core-11534,B10,18000
1. Cores,Core-11431,B11,1290
1. Cores,Core-11771,B15,298
1. Cores,Core-11151,B17,474
1. Cores,Core-11152,B17,60
1. Cores,Core-11957,B19,1248
1. Cores,Core-11267,B20,1500
1. Cores,Core-11859,B25,50000
1. Cores,Core-11791,B26,860
1. Cores,Core-11792,B26,855
1. Cores,Core-11549,B27,6550
1. Cores,Core-11348,B30,820
1. Cores,Core-11349,B30,714
1. Cores,Core-11350,B30,790
1. Cores,Core-11351,B30,843
1. Cores,Core-11352,B30,783
1. Cores,Core-11353,B30,864
1. Cores,Core-11265,B32,154100
1. Cores,Core-11806,B36,"41,330"
1. Cores,Core-11430,B37,294
1. Cores,Core-11503,B37,4207
1. Cores,Core-11612,B37,212
1. Cores,Core-11309,B38,2213
1. Cores,Core-11490,B40,80100
1. Cores,Core-11460,B41,1197
1. Cores,Core-10080,B44,560
1. Cores,Core-11360,BS1A,188
1. Cores,Core-11361,BS1A,498
1. Cores,Core-11365,BS1B,22
1. Cores,Core-11370,BS1B,228
1. Cores,Core-11376,BS1B,425
1. Cores,Core-11377,BS1B,309
1. Cores,Core-11378,BS1B,427
1. Cores,Core-11379,BS1B,272
1. Cores,Core-11368,BS1C,193
1. Cores,Core-11369,BS1C,177
1. Cores,Core-11371,BS1C,201
1. Cores,Core-11372,BS1C,38
1. Cores,Core-11373,BS1C,2
1. Cores,Core-11375,BS1C,187
1. Cores,Core-11364,BS1D,56
1. Cores,Core-11313,BS2A,68
1. Cores,Core-11362,BS2A,6
1. Cores,Core-11363,BS2A,212
1. Cores,Core-11367,BS2A,4
1. Cores,Core-10876,BS2C,1
1. Cores,Core-11311,BS2C,77
1. Cores,Core-10972,BSRACK,37
1. Cores,Core-10974,BSRACK,491
1. Cores,Core-10976,BSRACK,26
1. Cores,Core-10977,BSRACK,115
1. Cores,Core-10979,BSRACK,95
1. Cores,Core-10982,BSRACK,7
1. Cores,Core-10983,BSRACK,12
1. Cores,Core-10985,BSRACK,8
1. Cores,Core-10987,BSRACK,9
1. Cores,Core-11309,BSRACK,28
1. Cores,Core-11328,BSRACK,52
1. Cores,Core-11330,BSRACK,28
1. Cores,Core-11332,BSRACK,102
1. Cores,Core-11334,BSRACK,30
1. Cores,Core-11338,BSRACK,62
1. Cores,Core-10516,C,96
1. Cores,Core-11084,C00,9222
1. Cores,Core-11089,C00,2166
1. Cores,Core-11195,C00,4850
1. Cores,Core-11939,C00,5809
1. Cores,Core-10083,C00-R-1A,1
1. Cores,Core-10320,C00-R-1A,2
1. Cores,Core-11262,C00-R-1B,1
1. Cores,Core-11840,C00-R-1B,22
1. Cores,Core-11841,C00-R-1B,29
1. Cores,Core-11260,C00-R-1C,75
1. Cores,Core-11837,C00-R-1D,9
1. Cores,Core-11268,C00-R-2A,300
1. Cores,Core-11418,C00-R-2A,208
1. Cores,Core-11202,C00-R-2B,2
1. Cores,Core-11030,C00-R-2C,4
1. Cores,Core-11201,C00-R-2C,227
1. Cores,Core-11033,C00-R-3B,120
1. Cores,Core-11551,C00-R-3C,1
1. Cores,Core-11738,C00-R-3C,1
1. Cores,Core-11882,C00-R-3C,88
1. Cores,Core-10314,C00-R-3D,8
1. Cores,Core-11867,C00-R-4B,43
1. Cores,Core-11869,C00-R-4B,12
1. Cores,Core-10129,C00-R-4D,1
1. Cores,Core-11768,C00-R-4D,1
1. Cores,Core-10985,C00-R2A,7
1. Cores,Core-11831,C00-R2C,1000
1. Cores,Core-11082,C01,8017
1. Cores,Core-11084,C01,11126
1. Cores,Core-11085,C01,2764
1. Cores,Core-11086,C01,3413
1. Cores,Core-11090,C01,9000
1. Cores,Core-10214,C02,1000
1. Cores,Core-10083,C03,5026
1. Cores,Core-11204,C03,624
1. Cores,Core-11795,C04,3034
1. Cores,Core-11186,C07,600
1. Cores,Core-11213,C07,1489
1. Cores,Core-11865,C07,25000
1. Cores,Core-11887,C08,10000
1. Cores,Core-11968,C09,1704
1. Cores,Core-11972,C09,1238
1. Cores,Core-11888,C11,20000
1. Cores,Core-11542,C13,450
1. Cores,Core-10068,C14,2402
1. Cores,Core-11301,C15,4608
1. Cores,Core-11788,C16,342
1. Cores,Core-10956,C17,2515
1. Cores,Core-10953,C19,2315
1. Cores,Core-11315,C25,4097
1. Cores,Core-11938,C27,5760
1. Cores,Core-11483,C28,1542
1. Cores,Core-11615,C29,600
1. Cores,Core-11800,C30,1297
1. Cores,Core-11975,C30,1824
1. Cores,Core-11976,C30,1819
1. Cores,Core-11488,C31,2375
1. Cores,Core-11460,C33,2424
1. Cores,Core-10215,C34,213
1. Cores,Core-10318,C34,126
1. Cores,Core-10156,C35,72
1. Cores,SUP-10082,C35,96
1. Cores,Core-11302,C36,1591
1. Cores,Core-11312,C36,144
1. Cores,Core-10955,C37,497
1. Cores,Core-10964,C37,390
1. Cores,Core-11858,C38,30000
1. Cores,Core-11268,C40,300
1. Cores,Core-11808,C41,74
1. Cores,Core-11606,C42,929
1. Cores,Core-10978,C43,4189
1. Cores,Core-11549,C44,6490
1. Cores,Core-11244,C45,4933
1. Cores,Core-0692,C46,84
1. Cores,Core-11831,C46,11000
1. Cores,Core-10017,D,16
1. Cores,Core-10074,D,2
1. Cores,Core-10079,D,10
1. Cores,Core-10281,D,39
1. Cores,Core-11096,D,4
1. Cores,Core-11137,D,394
1. Cores,Core-11257,D,54
1. Cores,Core-11418,D,128
1. Cores,Core-11463,D,1
1. Cores,Core-11639,D,11
1. Cores,Core-11832,D,3050
1. Cores,JLS-0136,D,1
1. Cores,Core-11261,D RACK,194
1. Cores,Core-11941,D00,5426
1. Cores,Core-10255,D01,207
1. Cores,Core-11830,D01,17300
1. Cores,Core-11909,D02,"4,605"
1. Cores,Core-11546,D04,1945
1. Cores,Core-11243,D06,3764
1. Cores,Core-10263,D07,324
1. Cores,Core-11054,D08,5423
1. Cores,Core-11785,D0A,10
1. Cores,Core-11830,D0A,150
1. Cores,Core-11897,D0A,2
1. Cores,Core-11899,D0A,7
1. Cores,Core-10665,D0B,9
3. JFN,JLS-1561,10A,3
3. JFN,JLS-0216,10B,37
3. JFN,JLS-0336,10B,1
3. JFN,JLS-0395,10B,2
3. JFN,JLS-0813,10B,1
3. JFN,JLS-0880,10B,5
3. JFN,JLS-1087,10B,1
3. JFN,JLS-1223,10B,4
3. JFN,JLS-90782,10C,2
3. JFN,JLS-0304,11A,1
3. JFN,JLS-90825,11A,7
3. JFN,JLS-0220,11B,1
1. Cores,Core-11179,D0B,10
1. Cores,Core-11452,D0C,30
1. Cores,Core-11764,D0D,1
1. Cores,Core-11908,D10,4397
1. Cores,Core-11912,D10,2047
1. Cores,Core-11960,D12,1249
1. Cores,Core-11860,D13,21000
1. Cores,Core-11008,D14,1664
1. Cores,Core-11428,D14,45000
1. Cores,Core-11879,D17,132
1. Cores,Core-11881,D17,120
1. Cores,Core-11883,D17,71
1. Cores,Core-11884,D17,10
1. Cores,Core-11548,D20,11300
1. Cores,Core-11645,D20,532
1. Cores,Core-11394,D21,1275
1. Cores,Core-10966,D22,209
1. Cores,Core-11311,D22,432
1. Cores,Core-11803,D23,1243
1. Cores,Core-11804,D23,1292
1. Cores,Core-11965,D23,706
1. Cores,Core-11429,D24,1345
1. Cores,Core-11269,D27,1000
1. Cores,Core-11820,D27,5
1. Cores,Core-11823,D27,17800
1. Cores,Core-11094,D28,4917
1. Cores,Core-11641,D28,16908
1. Cores,Core-11148,D30,292
1. Cores,Core-11742,D31,4884
1. Cores,Core-11605,D32,698
1. Cores,Core-11786,D34,108
1. Cores,Core-11788,D35,183
1. Cores,Core-11797,D36,802
1. Cores,Core-11932,D36,425
1. Cores,Core-11798,D37,2016
1. Cores,Core-10975,D38,484
1. Cores,Core-11964,D38,820
1. Cores,Core-11966,D38,"1,601"
1. Cores,Core-11973,D38,1438
1. Cores,Core-11981,D38,1715
1. Cores,Core-11951,D39,429
1. Cores,Core-11952,D39,912
1. Cores,Core-10085,D40,1902
1. Cores,Core-11798,D40,62
1. Cores,Core-11155,D41,162
1. Cores,Core-11156,D41,148
1. Cores,Core-11157,D41,81
1. Cores,Core-11161,D41,52
1. Cores,Core-11802,D43,1235
1. Cores,Core-11967,D43,1610
1. Cores,Core-11977,D43,12
1. Cores,Core-11725,D44,6
1. Cores,Core-11821,DOA,11
1. Cores,Core-11179,DOB,10
1. Cores,Core-11307,DOB,3
1. Cores,Core-11866,DOC,127
1. Cores,Core-11936,E01,5423
1. Cores,Core-11259,E02,92194
1. Cores,Core-11278,E03,215
1. Cores,Core-11264,E04,2650
1. Cores,Core-11615,E04,20
1. Cores,Core-11862,E05,1728
1. Cores,Core-11644,E06,14000
1. Cores,Core-11862,E07,4464
1. Cores,Core-10090,E08,100
1. Cores,Core-10093,E08,100
1. Cores,Core-10973,E08,113
1. Cores,Core-11314,E09,6047
1. Cores,Core-10898,E10,478
1. Cores,Core-11006,E10,7471
1. Cores,Core-11628,E10,1400
1. Cores,Core-11836,E10,474
1. Cores,Core-10214,E12,13
1. Cores,Core-11875,E13,1035
1. Cores,Core-11876,E13,148
1. Cores,Core-11877,E13,151
1. Cores,Core-11907,E14,2916
1. Cores,Core-11786,E15,276
1. Cores,Core-11197,E16,4118
1. Cores,Core-11318,E17,1664
1. Cores,Core-11869,E18,117
1. Cores,Core-11870,E18,420
1. Cores,Core-11880,E18,132
1. Cores,Core-10282,E19,1500
1. Cores,Core-11412,E19,180
1. Cores,Core-11624,E20,224350
1. Cores,Core-11120,E21,1000
1. Cores,Core-11190,E21,1168
1. Cores,Core-11749,E23,47
1. Cores,Core-11750,E23,11
1. Cores,Core-11751,E23,108
1. Cores,Core-11180,E24,753
1. Cores,Core-11181,E24,768
1. Cores,Core-11848,E24,96
1. Cores,Core-11849,E24,96
1. Cores,Core-11850,E24,96
1. Cores,Core-11283,E25,13
1. Cores,Core-11417,E25,5
1. Cores,Core-10056,E26,"1,124"
1. Cores,Core-10057,E26,924
1. Cores,Core-10060,E26,"1,199"
1. Cores,Core-10061,E26,849
1. Cores,Core-10900,E26,885
1. Cores,Core-11007,E26,2403
1. Cores,Core-11092,E26,57500
1. Cores,Core-11121,E26,33600
1. Cores,Core-11300,E27,5856
1. Cores,Core-10049,E28,159
1. Cores,Core-10094,E28,"5,393"
1. Cores,Core-10299,E28,70000
1. Cores,Core-11032,E28,461
1. Cores,Core-11177,E28,1978
1. Cores,Core-11243,E29,510
1. Cores,Core-11244,E29,22
1. Cores,Core-11245,E29,11
1. Cores,Core-11246,E29,285
1. Cores,Core-11247,E29,362
1. Cores,Core-11540,E31,2727
1. Cores,Core-11543,E32,4264
1. Cores,Core-10292,E33,2
1. Cores,Core-11940,E33,"5,376"
1. Cores,Core-11023,E34,18440
1. Cores,Core-11839,E34,660
1. Cores,Core-10082,E35,290
1. Cores,Core-11462,E35,22198
1. Cores,Core-10101,E36,5000
1. Cores,Core-10162,E36,738
1. Cores,Core-11114,E36,64066
1. Cores,Core-10021,E37,309
1. Cores,Core-10023,E37,27
1. Cores,Core-10090,E38,483
1. Cores,Core-10970,E39,594
1. Cores,Core-10973,E39,1097
1. Cores,Core-10974,E39,565
1. Cores,Core-11969,E39,1361
1. Cores,Core-11971,E39,862
1. Cores,Core-11974,E39,973
1. Cores,Core-11794,E40,2316
1. Cores,Core-11934,E40,481
1. Cores,Core-11810,E41,24500
1. Cores,Core-11811,E41,24500
1. Cores,Core-11535,EO8,365
1. Cores,Core-11842,F01,50
1. Cores,Core-11615,F02,500
1. Cores,Core-11250,F03,2000
1. Cores,Core-10994,F04,2363
1. Cores,Core-11946,F05,432
1. Cores,Core-11948,F05,435
1. Cores,Core-11786,F06,220
1. Cores,Core-11550,F07,215
1. Cores,Core-11984,F10,360
1. Cores,Core-11131,F11,1500
1. Cores,Core-11058,F12,2018
1. Cores,Core-11624,F13,417050
1. Cores,Core-11322,F14,269
1. Cores,Core-11323,F14,377
1. Cores,Core-11324,F14,519
1. Cores,Core-11325,F14,421
1. Cores,Core-11326,F14,604
1. Cores,Core-11327,F14,586
1. Cores,Core-11901,F15,997
1. Cores,Core-11903,F15,500
1. Cores,Core-11821,F16,1656
1. Cores,Core-10300,F17,2000
1. Cores,Core-11321,F17,"1,462"
1. Cores,Core-11833,F18,13873
1. Cores,Core-11195,F19,11350
1. Cores,Core-11236,F20,12
1. Cores,Core-11237,F20,35
1. Cores,Core-11275,F20,1151
1. Cores,Core-11276,F20,445
1. Cores,Core-11432,F22,"1,950"
1. Cores,Core-11507,F22,24
1. Cores,Core-11508,F22,24
1. Cores,Core-11509,F22,24
1. Cores,Core-11510,F22,14
1. Cores,Core-11511,F22,29
1. Cores,Core-11512,F22,36
1. Cores,Core-11522,F22,5
1. Cores,Core-11523,F22,19
1. Cores,Core-11524,F22,10
1. Cores,Core-11531,F22,11
1. Cores,Core-11532,F22,3
1. Cores,Core-11753,F22,4
1. Cores,Core-11757,F22,24
1. Cores,Core-11187,F23,1075
1. Cores,Core-11827,F23,2000
1. Cores,Core-11828,F23,4200
1. Cores,Core-11892,F24,"49,000"
1. Cores,Core-10218,F25,950
1. Cores,Core-10223,F25,784
1. Cores,Core-10224,F25,2
1. Cores,Core-10247,F25,88
1. Cores,Core-11037,F25,281
1. Cores,Core-11038,F25,42
1. Cores,Core-11238,F25,121
1. Cores,Core-11275,F25,86
1. Cores,Core-11276,F25,48
1. Cores,Core-11620,F25,1830
1. Cores,Core-11890,F25,35
1. Cores,Core-11891,F25,35
1. Cores,Core-11796,F26,1203
1. Cores,Core-11293,F28,3616
1. Cores,Core-10283,F29,11
1. Cores,Core-11477,F29,14
1. Cores,Core-11480,F29,7
1. Cores,Core-11494,F29,50
1. Cores,Core-11613,F29,712
1. Cores,Core-11619,F29,486
1. Cores,Core-11935,F30,8304
1. Cores,Core-11468,F31,288
1. Cores,Core-11474,F31,16
1. Cores,Core-11476,F31,4
1. Cores,Core-11479,F31,16
1. Cores,Core-11495,F31,6
1. Cores,Core-11196,F32,2396
1. Cores,Core-10536,F33,162
1. Cores,Core-10655,F33,10
1. Cores,Core-11446,F34,1204
1. Cores,Core-11447,F34,898
1. Cores,Core-11437,F35,3254
1. Cores,Core-11442,F35,3595
1. Cores,Core-11448,F36,1445
1. Cores,Core-11449,F36,1204
1. Cores,Core-11436,F37,3196
1. Cores,Core-11441,F37,3287
1. Cores,Core-11871,F38,68
1. Cores,Core-11872,F38,192
1. Cores,Core-11873,F38,187
1. Cores,Core-11874,F38,196
1. Cores,Core-11878,F38,132
1. Cores,Core-11889,F38,90
1. Cores,Core-11435,F39,3905
1. Cores,Core-11440,F39,2600
1. Cores,Core-11284,F40,3137
1. Cores,Core-11285,F40,1387
1. Cores,Core-11286,F40,1992
1. Cores,Core-11433,F41,3999
1. Cores,Core-11438,F41,2977
1. Cores,Core-11590,F42,3700
1. Cores,Core-11591,F42,3750
1. Cores,Core-11592,F42,3700
1. Cores,Core-11593,F42,3200
1. Cores,Core-11594,F42,3700
1. Cores,Core-11595,F42,3800
1. Cores,Core-11596,F42,"3,800"
1. Cores,Core-11597,F42,"3,850"
1. Cores,Core-11598,F42,"3,800"
1. Cores,Core-11599,F42,"3,800"
1. Cores,Core-11626,F42,1702
1. Cores,Core-11434,F43,3259
1. Cores,Core-11439,F43,3218
1. Cores,Core-10066,FIX,1070
1. Cores,Core-11317,G01,2232
1. Cores,Core-11853,G02,6652
1. Cores,Core-10197,G04,4509
1. Cores,Core-11131,G05,2000
1. Cores,Core-10997,G07,9
1. Cores,Core-11868,G07,1985
1. Cores,Core-11541,G08,5175
1. Cores,Core-11550,G09,11857
1. Cores,Core-11289,G11,2534
1. Cores,Core-11209,G12,36477
1. Cores,Core-11541,G13,5117
1. Cores,Core-11638,G13,84
1. Cores,Core-11069,G16,1419
1. Cores,Core-11834,G16,9179
1. Cores,Core-11842,G17,6
1. Cores,Core-11422,G18,48793
1. Cores,Core-11209,G19,30000
1. Cores,Core-10996,G20,1181
1. Cores,Core-11055,G20,60
1. Cores,Core-11456,G20,2
1. Cores,Core-11457,G20,6
1. Cores,Core-11737,G20,154
1. Cores,Core-11198,G21,"7,808"
1. Cores,Core-11536,G22,"32,053"
1. Cores,Core-11537,G22,"38,453"
1. Cores,Core-11851,G23,"2,316"
1. Cores,Core-11691,G24,540
1. Cores,Core-11399,G25,5
1. Cores,Core-11400,G25,6
1. Cores,Core-11405,G25,110
1. Cores,Core-11410,G25,2
1. Cores,Core-11454,G25,14
1. Cores,Core-11458,G25,8
1. Cores,Core-11306,G27,"3,751"
1. Cores,Core-11718,G28,120
1. Cores,Core-11617,G29,"1,200"
1. Cores,Core-11818,G29,189
1. Cores,Core-11679,G32,2331
1. Cores,Core-11443,G33,1762
1. Cores,Core-11444,G33,"1,394"
1. Cores,Core-11445,G33,1079
1. Cores,Core-11679,G34,2331
1. Cores,Core-11450,G35,505
1. Cores,Core-11451,G35,458
1. Cores,Core-11694,G36,"1,442"
1. Cores,Core-11959,G37,1250
1. Cores,Core-11680,G38,829
1. Cores,Core-11716,G38,6
1. Cores,Core-11947,G38,2551
1. Cores,Core-11793,G39,"1,969"
1. Cores,Core-11949,G39,721
1. Cores,Core-11696,G40,365
1. Cores,Core-11736,G40,1440
1. Cores,Core-11852,G41,3300
1. Cores,Core-11684,G42,498
1. Cores,Core-11696,G42,485
1. Cores,Core-11482,G43,660
1. Cores,Core-11484,G43,800
1. Cores,Core-11131,H00,332
1. Cores,Core-11843,H00,382
1. Cores,Core-11866,H00,"1,939"
1. Cores,Core-11547,H01,"47,700"
1. Cores,Core-11310,H02,2279
1. Cores,Core-10197,H03,7311
1. Cores,Core-11766,H04,314
1. Cores,Core-10255,H06,"1,720"
1. Cores,Core-11861,H07,"17,280"
1. Cores,Core-11580,H08,"12,500"
1. Cores,Core-11581,H08,"12,500"
1. Cores,Core-11582,H08,12500
1. Cores,Core-11583,H08,12450
1. Cores,Core-11584,H08,"12,450"
1. Cores,Core-11585,H08,12500
1. Cores,Core-11586,H08,12400
1. Cores,Core-11587,H08,12500
1. Cores,Core-11588,H08,12500
1. Cores,Core-11589,H08,12500
1. Cores,Core-11627,H08,"3,680"
1. Cores,Core-11846,H09,55000
1. Cores,Core-11164,H10,2676
1. Cores,Core-11560,H10,36700
1. Cores,Core-11561,H10,36550
1. Cores,Core-11562,H10,"36,600"
1. Cores,Core-11563,H10,36250
1. Cores,Core-11564,H10,37400
1. Cores,Core-11565,H10,36350
1. Cores,Core-11566,H10,36550
1. Cores,Core-11567,H10,36600
1. Cores,Core-11568,H10,37000
1. Cores,Core-11569,H10,36600
1. Cores,Core-11942,H11,5062
1. Cores,Core-11163,H12,6951
1. Cores,Core-11570,H12,"1,200"
1. Cores,Core-11571,H12,"1,200"
1. Cores,Core-11572,H12,"1,100"
1. Cores,Core-11573,H12,1200
1. Cores,Core-11574,H12,"1,150"
1. Cores,Core-11575,H12,1250
1. Cores,Core-11576,H12,1350
1. Cores,Core-11577,H12,1300
1. Cores,Core-11578,H12,1300
1. Cores,Core-11579,H12,1500
1. Cores,Core-11326,H13,10
1. Cores,Core-11329,H13,27
1. Cores,Core-11825,H13,72941
1. Cores,Core-11355,H14,731
1. Cores,Core-11356,H14,235
1. Cores,Core-11357,H14,190
1. Cores,Core-11380,H14,119
1. Cores,Core-11381,H14,791
1. Cores,Core-11382,H14,455
1. Cores,Core-11383,H14,14
1. Cores,Core-11384,H14,812
1. Cores,Core-11385,H14,14
1. Cores,Core-11401,H15,353
1. Cores,Core-11402,H15,403
1. Cores,Core-11403,H15,355
1. Cores,Core-11404,H15,411
1. Cores,Core-11406,H15,358
1. Cores,Core-11407,H15,363
1. Cores,Core-11408,H15,352
1. Cores,Core-11409,H15,339
1. Cores,Core-11288,H16,"9,708"
1. Cores,Core-11525,H18,120
1. Cores,Core-11855,H18,24
1. Cores,Core-11622,H19,5179
1. Cores,Core-11316,H20,1820
1. Cores,Core-11291,H21,2060
1. Cores,Core-11847,H22,5184
1. Cores,Core-11856,H22,17000
1. Cores,Core-11373,H23,432
1. Cores,Core-11374,H23,528
1. Cores,Core-11375,H23,382
1. Cores,Core-11377,H23,478
1. Cores,Core-11636,H24,358
1. Cores,Core-11616,H25,468
1. Cores,Core-11617,H25,171
1. Cores,Core-11618,H25,446
1. Cores,Core-11506,H26,6018
1. Cores,Core-11514,H26,6
1. Cores,Core-11515,H26,1
1. Cores,Core-11516,H26,17
1. Cores,Core-11517,H26,3
1. Cores,Core-11518,H26,6
1. Cores,Core-11519,H26,4
1. Cores,Core-11746,H26,3
1. Cores,Core-11754,H26,55
1. Cores,Core-11759,H26,2
1. Cores,Core-11544,H27,14
1. Cores,Core-11741,H28,"13,539"
1. Cores,Core-10971,H29,711
1. Cores,Core-10972,H29,790
1. Cores,Core-11030,H30,6720
1. Cores,Core-11844,H31,2808
1. Cores,Core-11845,H31,2808
1. Cores,Core-11075,H32,"148,367"
1. Cores,Core-11944,H34,"2,604"
1. Cores,Core-11905,H35,1152
1. Cores,Core-11642,H36,"10,700"
1. Cores,Core-11621,H37,7012
1. Cores,Core-11857,H38,17900
1. Cores,Core-10258,H39,67650
1. Cores,Core-11152,H40,600
1. Cores,Core-11170,H40,75
1. Cores,Core-11624,H40,11
1. Cores,Core-11801,H40,"1,208"
1. Cores,Core-11841,I00,4
1. Cores,Core-11905,I00,960
1. Cores,Core-11767,I01,1025
1. Cores,Core-11820,I01,5976
1. Cores,Core-11139,I05,217
1. Cores,Core-11138,I07,869
1. Cores,Core-11304,I08,2921
1. Cores,Core-11060,I09,35760
1. Cores,Core-10921,I10,1450
1. Cores,Core-11535,I11,77000
1. Cores,Core-11933,I12,518
1. Cores,Core-11953,I12,575
1. Cores,Core-11885,I13,2220
1. Cores,Core-11886,I13,7400
1. Cores,Core-11748,I14,235
1. Cores,Core-11787,I15,520
1. Cores,Core-10262,I17,113
1. Cores,Core-11774,I17,326
1. Cores,Core-11775,I17,350
1. Cores,Core-10274,I19,"1,253"
1. Cores,Core-11812,I20,9600
1. Cores,Core-11491,I21,39450
1. Cores,Core-11557,I22,855
1. Cores,Core-10925,I23,300
1. Cores,Core-11294,I24,2063
1. Cores,Core-11761,I25,705
1. Cores,Core-11770,I25,416
1. Cores,Core-11777,I25,560
1. Cores,Core-11778,I25,272
1. Cores,Core-11779,I25,632
1. Cores,Core-11780,I25,416
1. Cores,Core-11781,I25,272
1. Cores,Core-11782,I25,576
1. Cores,Core-11962,I26,1704
1. Cores,Core-11978,I26,1730
1. Cores,Core-11824,I27,102220
1. Cores,Core-11197,I29,"7,200"
1. Cores,Core-11255,I30,"2,133"
1. Cores,Core-11215,I31,25068
1. Cores,Core-11264,I31,"28,000"
1. Cores,Core-11816,I33,1689
1. Cores,Core-11816,I34,"9,792"
1. Cores,Core-11308,I35,"2,459"
1. Cores,Core-11008,I36,"200,000"
1. Cores,Core-11421,I37,492
1. Cores,Core-11489,I37,1440
1. Cores,Core-11328,I39,16
1. Cores,Core-11330,I39,46
1. Cores,Core-11331,I39,11
1. Cores,Core-11332,I39,122
1. Cores,Core-11333,I39,6
1. Cores,Core-11334,I39,48
1. Cores,Core-11338,I39,61
1. Cores,Core-11304,IO8,47
1. Cores,Core-11979,J05,"1,691"
1. Cores,Core-11980,J05,1824
1. Cores,Core-11637,J07,2116
1. Cores,Core-11638,J10,"1,278"
1. Cores,Core-11813,J15,11852
1. Cores,Core-11815,J15,"13,292"
1. Cores,Core-11814,J17,"11,904"
1. Cores,Core-11255,J19,2310
1. Cores,Core-11611,J21,6343
1. Cores,Core-11625,J23,65020
1. Cores,Core-11739,J24,"12,032"
1. Cores,Core-11545,J27,7184
1. Cores,Core-10924,J29,25
1. Cores,Core-11305,J29,2882
1. Cores,Core-11740,J30,"16,874"
1. Cores,Core-11705,J36,6
1. Cores,Core-10275,JFN,35
1. Cores,Core-10918,JFN,3032
1. Cores,Core-11081,JFN,1479
1. Cores,Core-11129,JFN,412
1. Cores,Core-11140,JFN,4897
1. Cores,SUP-10063,JFN,800
1. Cores,SUP-10064,JFN,500
1. Cores,SUP-10065,JFN,3500
1. Cores,SUP-10066,JFN,824
1. Cores,Core-10293,M06,3906
1. Cores,Core-11210,M08,3900
1. Cores,Core-11486,M10,12500
1. Cores,Core-10286,M12,"408,554"
1. Cores,SUP-10162,M15,500
1. Cores,Core-11034,MFN,97
1. Cores,Core-11073,MFN,48
1. Cores,Core-11097,MFN,438
1. Cores,Core-11143,MFN,886
1. Cores,Core-11146,MFN,240
1. Cores,Core-11147,MFN,118
1. Cores,Core-10991,N01,"1,999"
1. Cores,Core-10992,N01,1999
1. Cores,Core-10990,N02,24
1. Cores,Core-10991,N02,20
1. Cores,Core-10993,N02,47
1. Cores,Core-11218,N02,"1,047"
1. Cores,Core-11248,N03,2015
1. Cores,Core-11249,N03,201
1. Cores,Core-11250,N03,1
1. Cores,Core-11251,N03,23
1. Cores,Core-11252,N03,1991
1. Cores,Core-10924,N04,"1,000"
1. Cores,Core-11249,N04,"2,000"
1. Cores,Core-11486,N05,10835
1. Cores,Core-11914,N06,"40,000"
1. Cores,Core-11913,N07,205
1. Cores,Core-11258,N08,99009
1. Cores,Core-11209,N09,45800
1. Cores,Core-11217,N10,"56,315"
1. Cores,Core-11621,N12,"45,500"
1. Cores,Core-11299,O01,2690
1. Cores,Core-11297,O02,"5,561"
1. Cores,Core-11937,O03,5418
1. Cores,Core-11319,O04,2042
1. Cores,Core-11290,O05,2986
1. Cores,Core-11950,O06,2398
1. Cores,Core-10984,P01,1196
1. Cores,Core-11295,P02,"3,925"
1. Cores,Core-11320,P03,1730
1. Cores,Core-11292,P04,"3,565"
1. Cores,Core-11303,P05,2557
1. Cores,Core-11298,P06,4278
1. Cores,Core-10000,PHOTO,25
1. Cores,Core-10286,PHOTO,"9,000"
1. Cores,Core-11204,PHOTO,50
1. Cores,Core-11749,PHOTO,1
1. Cores,Core-11750,PHOTO,7
1. Cores,Core-11751,PHOTO,7
1. Cores,Core-11810,PHOTO,2800
1. Cores,Core-11811,PHOTO,2700
1. Cores,Core-11824,PHOTO,3000
1. Cores,Core-11840,PHOTO,25
1. Cores,Core-11841,PHOTO,25
1. Cores,Core-11844,PHOTO,72
1. Cores,Core-11845,PHOTO,72
1. Cores,Core-11847,PHOTO,576
1. Cores,Core-11848,PHOTO,12
1. Cores,Core-11849,PHOTO,12
1. Cores,Core-11850,PHOTO,12
1. Cores,Core-11851,PHOTO,180
1. Cores,Core-11852,PHOTO,600
1. Cores,Core-11853,PHOTO,150
1. Cores,Core-11856,PHOTO,500
1. Cores,Core-11857,PHOTO,500
1. Cores,Core-11859,PHOTO,3000
1. Cores,Core-11861,PHOTO,72
1. Cores,Core-11863,PHOTO,1
1. Cores,Core-11868,PHOTO,150
1. Cores,Core-11869,PHOTO,36
1. Cores,Core-11870,PHOTO,12
1. Cores,Core-11871,PHOTO,6
1. Cores,Core-11872,PHOTO,12
1. Cores,Core-11873,PHOTO,12
1. Cores,Core-11874,PHOTO,12
1. Cores,Core-11875,PHOTO,12
1. Cores,Core-11876,PHOTO,12
1. Cores,Core-11877,PHOTO,12
1. Cores,Core-11878,PHOTO,12
1. Cores,Core-11879,PHOTO,12
1. Cores,Core-11880,PHOTO,12
1. Cores,Core-11881,PHOTO,12
1. Cores,Core-11882,PHOTO,12
1. Cores,Core-11883,PHOTO,12
1. Cores,Core-11884,PHOTO,12
1. Cores,Core-11885,PHOTO,370
1. Cores,Core-11886,PHOTO,370
1. Cores,Core-11889,PHOTO,6
1. Cores,Core-11890,PHOTO,12
1. Cores,Core-11891,PHOTO,12
1. Cores,Core-11892,PHOTO,1000
1. Cores,Core-11893,PHOTO,26
1. Cores,Core-11894,PHOTO,24
1. Cores,Core-11895,PHOTO,24
1. Cores,Core-11520,PQA10,3
1. Cores,Core-11400,PQA12,23
1. Cores,Core-11977,PUTBACKS,1716
1. Cores,JLS-0337,R1A,22
1. Cores,Core-11046,R1B,15
1. Cores,Core-11047,R1B,56
1. Cores,Core-11048,R1B,98
1. Cores,Core-11049,R1B,35
1. Cores,Core-11469,R1B,24
1. Cores,Core-11831,R1B,1700
1. Cores,Core-11080,R1C,13
1. Cores,Core-11854,R1C,162
1. Cores,Core-10238,R1D,240
1. Cores,Core-11216,R1D,42
1. Cores,Core-11836,R1D,89
1. Cores,Core-11466,R1E,2
1. Cores,Core-11144,R2B,4
1. Cores,Core-11187,R2B,40
1. Cores,Core-11219,R2B,1
1. Cores,Core-11136,R2C,12
1. Cores,Core-11221,R2C,58
1. Cores,Core-11427,R2C,13
1. Cores,Core-11141,R2D,18
1. Cores,Core-11423,R2D,605
1. Cores,Core-11424,R2D,30
1. Cores,Core-11643,R2D,250
1. Cores,Core-11826,R2D,1764
1. Cores,Core-11061,R3A,84
1. Cores,Core-11062,R3A,79
1. Cores,Core-11063,R3A,81
1. Cores,Core-11064,R3A,81
1. Cores,Core-11065,R3A,77
1. Cores,Core-11066,R3A,82
1. Cores,Core-11067,R3A,177
1. Cores,Core-11068,R3A,81
1. Cores,Core-11169,R3B,49
1. Cores,Core-11220,R3C,500
1. Cores,Core-10059,R3D,1124
1. Cores,Core-11170,R3D,3
1. Cores,Core-11783,R3E,28
1. Cores,Core-11784,R3E,1
1. Cores,Core-10069,R4B,139
1. Cores,Core-10106,R4B,15
1. Cores,Core-10107,R4B,548
1. Cores,Core-10108,R4B,50
1. Cores,Core-10116,R4B,6494
1. Cores,Core-10117,R4B,2960
1. Cores,Core-10903,R4B,26
1. Cores,Core-11010,R4B,119
1. Cores,Core-11059,R4B,2200
1. Cores,Core-11112,R4B,"1,738"
1. Cores,Core-11119,R4B,"2,190"
1. Cores,Core-11130,R4B,"1,721"
1. Cores,Core-11227,R4B,6
1. Cores,Core-11281,R4B,50
1. Cores,Core-11031,R4C,6
1. Cores,Core-11070,R4C,"5,007"
1. Cores,Core-11072,R4C,"1,000"
1. Cores,Core-11222,R4C,18
1. Cores,Core-11223,R4C,20
1. Cores,Core-11459,R4C,22
1. Cores,Core-11208,R4D,"18,337"
1. Cores,Core-10220,R4E,"8,000"
1. Cores,Core-10064,R5B,270
1. Cores,Core-10117,R5B,"2,498"
1. Cores,Core-10806,R5B,"2,000"
1. Cores,Core-10919,R5B,"1,836"
1. Cores,Core-10998,R5B,249
1. Cores,Core-10999,R5B,264
1. Cores,Core-11026,R5B,54
1. Cores,Core-11027,R5B,1
1. Cores,Core-11039,R5B,958
1. Cores,Core-11042,R5B,322
1. Cores,Core-10095,R5C,"5,590"
1. Cores,Core-10096,R5C,"4,493"
1. Cores,Core-10097,R5C,4493
1. Cores,Core-10100,R5C,"5,128"
1. Cores,Core-10905,R5C,63
1. Cores,Core-10906,R5C,249
1. Cores,Core-11027,R5C,18
1. Cores,Core-11041,R5C,36
1. Cores,Core-11178,R5C,"1,452"
1. Cores,Core-10058,R5D,792
1. Cores,Core-10062,R5D,924
1. Cores,Core-10063,R5D,1424
1. Cores,Core-10098,R5D,4493
1. Cores,Core-10099,R5D,"4,493"
1. Cores,Core-10102,R5D,5395
1. Cores,Core-10907,R5D,700
1. Cores,Core-11078,R5D,"1,393"
1. Cores,Core-11079,R5D,4341
1. Cores,Core-11502,R5D,1627
1. Cores,Core-11093,R5E,420
1. Cores,Core-11083,R6A,"2,576"
1. Cores,Core-11088,R6A,"7,606"
1. Cores,Core-10176,R6B,120
1. Cores,Core-10179,R6B,40
1. Cores,Core-10180,R6B,40
1. Cores,Core-11087,R6B,367
1. Cores,Core-11174,R6B,20
1. Cores,Core-11009,R6C,"4,785"
1. Cores,Core-11016,R6C,17
1. Cores,Core-11017,R6C,8
1. Cores,Core-11098,R6C,24
1. Cores,Core-11103,R6C,4
1. Cores,Core-11111,R6C,24
1. Cores,Core-11123,R6C,10
1. Cores,Core-11127,R6C,1
1. Cores,Core-11128,R6C,1
1. Cores,Core-11173,R6C,20
1. Cores,Core-11175,R6C,5
1. Cores,Core-11176,R6C,20
1. Cores,Core-11425,R6C,24
1. Cores,Core-11426,R6C,220
1. Cores,Core-11762,R6C,384
1. Cores,Core-10172,R6D,50
1. Cores,Core-11005,R6D,"4,668"
1. Cores,Core-11099,R6D,28
1. Cores,Core-11100,R6D,60
1. Cores,Core-11101,R6D,23
1. Cores,Core-11102,R6D,16
1. Cores,Core-11105,R6D,30
1. Cores,Core-11106,R6D,28
1. Cores,Core-11107,R6D,4
1. Cores,Core-11109,R6D,60
1. Cores,Core-11110,R6D,104
1. Cores,Core-11122,R6D,6
1. Cores,Core-11125,R6D,2
1. Cores,Core-11206,R6E,"14,400"
1. Cores,Core-10072,RETURNS,512
1. Cores,Core-10084,RETURNS,2
1. Cores,Core-10281,RETURNS,7
1. Cores,Core-10319,RETURNS,24
1. Cores,Core-10683,RETURNS,3
1. Cores,Core-11100,RETURNS,6
1. Cores,Core-11102,RETURNS,6
1. Cores,Core-11105,RETURNS,6
1. Cores,Core-11235,RETURNS,330
1. Cores,Core-11463,RETURNS,3
1. Cores,Core-11465,RETURNS,12
1. Cores,Core-11467,RETURNS,6
1. Cores,Core-11470,RETURNS,12
1. Cores,Core-11471,RETURNS,12
1. Cores,Core-11499,RETURNS,15
1. Cores,Core-11166,SUPPLIES,2251
1. Cores,Core-11600,SUPPLIES,16100
1. Cores,Core-11805,SUPPLIES,"27,328"
1. Cores,Core-11917,SUPPLIES,707
1. Cores,RWC-AvantGrub,SUPPLIES,"200,000"
1. Cores,RWC-Deal Guys,SUPPLIES,"180,000"
1. Cores,RWC-NovaSupply,SUPPLIES,"60,000"
1. Cores,RWC-Superdosing,SUPPLIES,"50,000"
1. Cores,RWC-WittyYeti,SUPPLIES,"15,000"
1. Cores,SUP-10079,SUPPLIES,48
1. Cores,SUP-10082,SUPPLIES,336
1. Cores,SUP-10200,SUPPLIES,"1,750"
1. Cores,Core-10253,X01,13
1. Cores,Core-11915,X02,"14,974"
1. Cores,Core-11282,X04,"4,726"
1. Cores,Core-11609,X05,"120,000"
1. Cores,Core-11864,X05,"24,500"
1. Cores,Core-11076,X07,"293,000"
1. Cores,Core-10256,X08,"2,160"
1. Cores,Core-11211,X08,"133,650"
1. Cores,Core-10256,X09,"2,400"
1. Cores,Core-11808,X09,432
1. Cores,Core-10256,X10,"7,400"
1. Cores,Core-11205,X12,"78,490"
1. Cores,Core-11205,X13,"85,732"
1. Cores,Core-11199,X14,"25,875"
1. Cores,Core-11211,X15,"118,300"
1. Cores,Core-10263,X16,884
1. Cores,Core-11506,XMAS RACK 1,"4,800"
1. Cores,Core-11508,XMAS RACK 1,1
1. Cores,Core-11515,XMAS RACK 1,1
1. Cores,Core-11524,XMAS RACK 1,10
1. Cores,Core-11525,XMAS RACK 1,10
1. Cores,Core-11746,XMAS RACK 1,19
1. Cores,Core-11535,Y04,"92,000"
1. Cores,Core-11559,Y04,"57,000"
1. Cores,Core-11799,Y05,"1,346"
1. Cores,Core-11961,Y05,"1,822"
1. Cores,Core-11226,Y06,"26,224"
1. Cores,Core-11226,Y07,3149
1. Cores,Core-11808,Y08,288
1. Cores,Core-11225,Y09,"93,852"
1. Cores,Core-11152,Y10,188
1. Cores,Core-11609,Y10,80000
1. Cores,Core-11546,Y11,2210
1. Cores,Core-10901,Y12,12958
1. Cores,Core-11296,Y14,2637
1. Cores,Core-10255,Z02,12000
1. Cores,Core-11255,Z02,2100
1. Cores,Core-11829,Z03,54544
1. Cores,Core-10294,Z04,1080
1. Cores,Core-11239,Z04,5
1. Cores,Core-11809,Z04,2052
1. Cores,Core-11838,Z04,1
1. Cores,Core-10078,Z05,95
1. Cores,Core-11200,Z05,20468
1. Cores,Core-11199,Z06,72000
1. Cores,Core-11755,Z06,196
1. Cores,Core-10902,Z07,1376
1. Cores,Core-11756,Z07,394
1. Cores,Core-11060,Z08,"9,226"
1. Cores,SUP-10019,Z08,1000
1. Cores,SUP-10117,Z08,1000
1. Cores,SUP-10160,Z08,1000
1. Cores,SUP-10162,Z08,500
1. Cores,SUP-10177,Z08,"1,000"
1. Cores,Core-11115,Z09,"4,557"
1. Cores,Core-11784,Z10,15
1. Cores,Core-11920,Z10,318
1. Cores,Core-10244,Z11,1743
1. Cores,Core-10978,Z11,159
1. Cores,Core-11354,Z11,368
1. Cores,Core-10115,Z12,1536
1. Cores,SUP-10177,Z12,1611
1. Cores,SUP-10181,Z12,750
1. Cores,SUP-10189,Z12,1083
1. Cores,Core-10316,Z13,2275
1. Cores,Core-11138,Z13,"3,400"
1. Cores,Core-11200,Z13,12635
1. Cores,Core-11504,Z13,707
1. Cores,Core-11982,Z13,336
1. Cores,Core-11983,Z13,336
1. Cores,Core-11358,Z14,805
1. Cores,Core-11359,Z14,656
1. Cores,Core-11383,Z14,505
1. Cores,Core-11385,Z14,514
1. Cores,Core-11680,Z14,8937
1. Cores,Core-11681,Z14,4
1. Cores,Core-11682,Z14,8292
1. Cores,Core-11683,Z14,"2,038"
1. Cores,Core-11684,Z14,1882
1. Cores,Core-11685,Z14,5829
1. Cores,Core-11686,Z14,"1,686"
1. Cores,Core-11687,Z14,"1,620"
1. Cores,Core-11688,Z14,"1,626"
1. Cores,Core-11689,Z14,"1,620"
1. Cores,Core-11690,Z14,1363
1. Cores,Core-11692,Z14,"1,136"
1. Cores,Core-11693,Z14,"1,106"
1. Cores,Core-11695,Z14,"1,296"
1. Cores,Core-11697,Z14,978
1. Cores,Core-11698,Z14,"1,008"
1. Cores,Core-11699,Z14,"1,108"
1. Cores,Core-11700,Z14,976
1. Cores,Core-11701,Z14,882
1. Cores,Core-11702,Z14,918
1. Cores,Core-11703,Z14,696
1. Cores,Core-11704,Z14,952
1. Cores,Core-11705,Z14,2313
1. Cores,Core-11706,Z14,678
1. Cores,Core-11708,Z14,452
1. Cores,Core-11709,Z14,418
1. Cores,Core-11710,Z14,390
1. Cores,Core-11711,Z14,364
1. Cores,Core-11712,Z14,6
1. Cores,Core-11713,Z14,"1,146"
1. Cores,Core-11715,Z14,190
1. Cores,Core-11716,Z14,168
1. Cores,Core-11717,Z14,159
1. Cores,Core-11719,Z14,120
1. Cores,Core-11720,Z14,42
1. Cores,Core-11721,Z14,12
1. Cores,Core-11722,Z14,29
1. Cores,Core-11723,Z14,24
1. Cores,Core-11724,Z14,24
1. Cores,Core-11727,Z14,24
1. Cores,Core-11728,Z14,24
1. Cores,Core-11729,Z14,18
1. Cores,Core-11730,Z14,15
1. Cores,Core-11731,Z14,10
1. Cores,Core-11732,Z14,8
1. Cores,Core-11733,Z14,6
1. Cores,Core-11734,Z14,12
1. Cores,Core-11735,Z14,6
1. Cores,Core-10084,Z16,1
1. Cores,Core-10259,Z16,109302
1. Cores,Core-11256,Z16,4216
1. Cores,Core-10070,Z17,180
1. Cores,Core-10109,Z17,3325
1. Cores,Core-11807,Z18,7680
1. Cores,Core-11916,Z18,10724
1. Cores,Core-11559,Z19,268891
1. Cores,Core-11819,Z19,3757
1. Cores,Core-10216,Z20,648
1. Cores,Core-11203,Z21,"1,250"
1. Cores,Core-11139,Z22,8016
1. Cores,Core-11637,Z22,620
1. Cores,Core-11923,Z22,12
1. Cores,Core-10000,Z23,"4,832"
1. Cores,Core-11074,Z23,"35,004"
1. Cores,Core-11209,Z23,"39,000"
1. Cores,Core-11559,Z23,"95,125"
1. Cores,Core-11611,Z23,"42,786"
1. Cores,Core-11623,Z23,390
1. Cores,Core-11900,Z23,"4,026"